gameweek,dayofweek,date,start_time,home_team,home_xg,score,away_xg,away_team,attendance,venue,referee,match_report,notes
1,Fri,2025-08-15,20:00 (00:30),Liverpool,2.2,4–2,1.7,Bournemouth,"60,315",Anfield,Anthony Taylor,Match Report,
1,Sat,2025-08-16,12:30 (17:00),Aston Villa,0.2,0–0,1.4,Newcastle Utd,"42,526",Villa Park,Craig Pawson,Match Report,
1,Sat,2025-08-16,15:00 (19:30),Sunderland,0.7,3–0,0.6,West Ham,"46,233",Stadium of Light,Robert Jones,Match Report,
1,Sat,2025-08-16,15:00 (19:30),Brighton,1.5,1–1,0.7,Fulham,"31,478",The American Express Stadium,Samuel Barrott,Match Report,
1,Sat,2025-08-16,15:00 (19:30),Tottenham,2.3,3–0,0.9,Burnley,"61,077",Tottenham Hotspur Stadium,Michael Oliver,Match Report,
1,Sat,2025-08-16,17:30 (22:00),Wolves,0.6,0–4,2.4,Manchester City,"31,456",Molineux Stadium,Jarred Gillett,Match Report,
1,Sun,2025-08-17,14:00 (18:30),Chelsea,1.6,0–0,0.6,Crystal Palace,"39,678",Stamford Bridge,Darren England,Match Report,
1,Sun,2025-08-17,14:00 (18:30),Nott'ham Forest,1.8,3–1,1.4,Brentford,"29,949",The City Ground,Peter Bankes,Match Report,
1,Sun,2025-08-17,16:30 (21:00),Manchester Utd,1.5,0–1,1.3,Arsenal,"73,475",Old Trafford,Simon Hooper,Match Report,
1,Mon,2025-08-18,20:00 (00:30),Leeds United,2.0,1–0,0.8,Everton,"36,820",Elland Road,Chris Kavanagh,Match Report,
2,Fri,2025-08-22,20:00 (00:30),West Ham,0.7,1–5,2.7,Chelsea,"62,462",London Stadium,Michael Oliver,Match Report,
2,Sat,2025-08-23,12:30 (17:00),Manchester City,1.6,0–2,1.1,Tottenham,"51,785",Etihad Stadium,Peter Bankes,Match Report,
2,Sat,2025-08-23,15:00 (19:30),Bournemouth,1.3,1–0,0.5,Wolves,"11,070",Vitality Stadium,Thomas Bramall,Match Report,
2,Sat,2025-08-23,15:00 (19:30),Brentford,1.2,1–0,1.2,Aston Villa,"16,838",Gtech Community Stadium,Tony Harrington,Match Report,
2,Sat,2025-08-23,15:00 (19:30),Burnley,1.0,2–0,0.8,Sunderland,"21,285",Turf Moor,Michael Salisbury,Match Report,
2,Sat,2025-08-23,17:30 (22:00),Arsenal,2.7,5–0,0.2,Leeds United,"60,110",Emirates Stadium,Jarred Gillett,Match Report,
2,Sun,2025-08-24,14:00 (18:30),Crystal Palace,1.1,1–1,0.9,Nott'ham Forest,"24,876",Selhurst Park,Anthony Taylor,Match Report,
2,Sun,2025-08-24,14:00 (18:30),Everton,1.6,2–0,2.4,Brighton,"51,759",Hill Dickinson Stadium,Stuart Attwell,Match Report,
2,Sun,2025-08-24,16:30 (21:00),Fulham,1.7,1–1,1.6,Manchester Utd,"27,512",Craven Cottage,Chris Kavanagh,Match Report,
2,Mon,2025-08-25,20:00 (00:30),Newcastle Utd,1.0,2–3,0.7,Liverpool,"52,230",St James' Park,Simon Hooper,Match Report,
3,Sat,2025-08-30,12:30 (17:00),Chelsea,2.1,2–0,0.9,Fulham,"39,745",Stamford Bridge,Robert Jones,Match Report,
3,Sat,2025-08-30,15:00 (19:30),Wolves,1.1,2–3,1.9,Everton,"30,271",Molineux Stadium,Michael Oliver,Match Report,
3,Sat,2025-08-30,15:00 (19:30),Manchester Utd,3.6,3–2,1.2,Burnley,"74,257",Old Trafford,Samuel Barrott,Match Report,
3,Sat,2025-08-30,15:00 (19:30),Sunderland,1.5,2–1,1.2,Brentford,"46,267",Stadium of Light,Anthony Taylor,Match Report,
3,Sat,2025-08-30,15:00 (19:30),Tottenham,0.2,0–1,1.5,Bournemouth,"61,250",Tottenham Hotspur Stadium,Simon Hooper,Match Report,
3,Sat,2025-08-30,17:30 (22:00),Leeds United,0.7,0–0,0.5,Newcastle Utd,"36,727",Elland Road,Peter Bankes,Match Report,
3,Sun,2025-08-31,14:00 (18:30),Nott'ham Forest,0.7,0–3,2.4,West Ham,"30,215",The City Ground,Craig Pawson,Match Report,
3,Sun,2025-08-31,14:00 (18:30),Brighton,2.2,2–1,1.8,Manchester City,"31,485",The American Express Stadium,Darren England,Match Report,
3,Sun,2025-08-31,16:30 (21:00),Liverpool,0.5,1–0,0.5,Arsenal,"60,455",Anfield,Chris Kavanagh,Match Report,
3,Sun,2025-08-31,19:00 (23:30),Aston Villa,1.1,0–3,2.6,Crystal Palace,"41,036",Villa Park,Stuart Attwell,Match Report,
4,Sat,2025-09-13,12:30 (17:00),Arsenal,1.8,3–0,0.2,Nott'ham Forest,"60,167",Emirates Stadium,Darren England,Match Report,
4,Sat,2025-09-13,15:00 (19:30),Newcastle Utd,1.5,1–0,0.5,Wolves,"52,145",St James' Park,Chris Kavanagh,Match Report,
4,Sat,2025-09-13,15:00 (19:30),Fulham,0.9,1–0,0.8,Leeds United,"27,327",Craven Cottage,Craig Pawson,Match Report,
4,Sat,2025-09-13,15:00 (19:30),Crystal Palace,1.8,0–0,0.4,Sunderland,"25,154",Selhurst Park,Thomas Bramall,Match Report,
4,Sat,2025-09-13,15:00 (19:30),Everton,2.0,0–0,0.4,Aston Villa,"52,114",Hill Dickinson Stadium,Simon Hooper,Match Report,
4,Sat,2025-09-13,15:00 (19:30),Bournemouth,1.4,2–1,0.6,Brighton,"11,167",Vitality Stadium,Peter Bankes,Match Report,
4,Sat,2025-09-13,17:30 (22:00),West Ham,0.6,0–3,1.3,Tottenham,"62,459",London Stadium,Jarred Gillett,Match Report,
4,Sat,2025-09-13,20:00 (00:30),Brentford,1.4,2–2,1.3,Chelsea,"16,795",Gtech Community Stadium,Stuart Attwell,Match Report,
4,Sun,2025-09-14,14:00 (18:30),Burnley,0.1,0–1,2.6,Liverpool,"21,678",Turf Moor,Michael Oliver,Match Report,
4,Sun,2025-09-14,16:30 (21:00),Manchester City,2.7,3–0,1.2,Manchester Utd,"52,534",Etihad Stadium,Anthony Taylor,Match Report,
5,Sat,2025-09-20,12:30 (17:00),Liverpool,0.9,2–1,0.7,Everton,"60,342",Anfield,Darren England,Match Report,
5,Sat,2025-09-20,15:00 (19:30),Wolves,1.8,1–3,0.5,Leeds United,"30,807",Molineux Stadium,Anthony Taylor,Match Report,
5,Sat,2025-09-20,15:00 (19:30),Brighton,1.3,2–2,1.2,Tottenham,"31,488",The American Express Stadium,Chris Kavanagh,Match Report,
5,Sat,2025-09-20,15:00 (19:30),Burnley,0.9,1–1,1.1,Nott'ham Forest,"21,475",Turf Moor,Thomas Bramall,Match Report,
5,Sat,2025-09-20,15:00 (19:30),West Ham,0.6,1–2,2.1,Crystal Palace,"62,455",London Stadium,Tony Harrington,Match Report,
5,Sat,2025-09-20,17:30 (22:00),Manchester Utd,1.8,2–1,0.4,Chelsea,"74,124",Old Trafford,Peter Bankes,Match Report,
5,Sat,2025-09-20,20:00 (00:30),Fulham,1.0,3–1,0.6,Brentford,"26,113",Craven Cottage,Michael Oliver,Match Report,
5,Sun,2025-09-21,14:00 (18:30),Bournemouth,0.5,0–0,0.2,Newcastle Utd,"11,212",Vitality Stadium,Robert Jones,Match Report,
5,Sun,2025-09-21,14:00 (18:30),Sunderland,1.0,1–1,0.8,Aston Villa,"46,261",Stadium of Light,Samuel Barrott,Match Report,
5,Sun,2025-09-21,16:30 (21:00),Arsenal,0.9,1–1,0.9,Manchester City,"60,161",Emirates Stadium,Stuart Attwell,Match Report,
6,Sat,2025-09-27,12:30 (17:00),Brentford,1.9,3–1,2.1,Manchester Utd,"17,193",Gtech Community Stadium,Craig Pawson,Match Report,
6,Sat,2025-09-27,15:00 (19:30),Crystal Palace,2.9,2–1,2.1,Liverpool,"25,118",Selhurst Park,Chris Kavanagh,Match Report,
6,Sat,2025-09-27,15:00 (19:30),Manchester City,2.0,5–1,0.4,Burnley,"52,427",Etihad Stadium,Robert Jones,Match Report,
6,Sat,2025-09-27,15:00 (19:30),Chelsea,1.8,1–3,2.3,Brighton,"39,597",Stamford Bridge,Simon Hooper,Match Report,
6,Sat,2025-09-27,15:00 (19:30),Leeds United,1.8,2–2,0.7,Bournemouth,"36,574",Elland Road,Michael Oliver,Match Report,
6,Sat,2025-09-27,17:30 (22:00),Nott'ham Forest,1.6,0–1,1.6,Sunderland,"30,226",The City Ground,Tony Harrington,Match Report,
6,Sat,2025-09-27,20:00 (00:30),Tottenham,0.8,1–1,1.1,Wolves,"60,537",Tottenham Hotspur Stadium,Michael Salisbury,Match Report,
6,Sun,2025-09-28,14:00 (18:30),Aston Villa,1.1,3–1,1.1,Fulham,"40,350",Villa Park,Andy Madley,Match Report,
6,Sun,2025-09-28,16:30 (21:00),Newcastle Utd,0.6,1–2,2.0,Arsenal,"52,199",St James' Park,Jarred Gillett,Match Report,
6,Mon,2025-09-29,20:00 (00:30),Everton,0.7,1–1,1.2,West Ham,"51,890",Hill Dickinson Stadium,Samuel Barrott,Match Report,
7,Fri,2025-10-03,20:00 (00:30),Bournemouth,1.2,3–1,0.9,Fulham,"11,165",Vitality Stadium,Simon Hooper,Match Report,
7,Sat,2025-10-04,12:30 (17:00),Leeds United,1.7,1–2,0.6,Tottenham,"36,703",Elland Road,Thomas Bramall,Match Report,
7,Sat,2025-10-04,15:00 (19:30),Arsenal,2.8,2–0,0.4,West Ham,"60,181",Emirates Stadium,John Brooks,Match Report,
7,Sat,2025-10-04,15:00 (19:30),Manchester Utd,1.8,2–0,0.7,Sunderland,"74,004",Old Trafford,Stuart Attwell,Match Report,
7,Sat,2025-10-04,17:30 (22:00),Chelsea,1.0,2–1,1.9,Liverpool,"39,538",Stamford Bridge,Anthony Taylor,Match Report,
7,Sun,2025-10-05,14:00 (18:30),Wolves,0.6,1–1,0.9,Brighton,"29,504",Molineux Stadium,Jarred Gillett,Match Report,
7,Sun,2025-10-05,14:00 (18:30),Everton,2.0,2–1,1.5,Crystal Palace,"51,770",Hill Dickinson Stadium,Michael Salisbury,Match Report,
7,Sun,2025-10-05,14:00 (18:30),Aston Villa,1.1,2–1,0.4,Burnley,"40,308",Villa Park,Andrew Kitchen,Match Report,
7,Sun,2025-10-05,14:00 (18:30),Newcastle Utd,3.2,2–0,0.2,Nott'ham Forest,"52,189",St James' Park,Peter Bankes,Match Report,
7,Sun,2025-10-05,16:30 (21:00),Brentford,0.7,0–1,0.8,Manchester City,"17,028",Gtech Community Stadium,Darren England,Match Report,
8,Sat,2025-10-18,12:30 (17:00),Nott'ham Forest,2.2,0–3,1.7,Chelsea,"30,495",The City Ground,Chris Kavanagh,Match Report,
8,Sat,2025-10-18,15:00 (19:30),Sunderland,0.6,2–0,0.8,Wolves,"46,578",Stadium of Light,Robert Jones,Match Report,
8,Sat,2025-10-18,15:00 (19:30),Burnley,0.5,2–0,2.4,Leeds United,"21,646",Turf Moor,Tim Robinson,Match Report,
8,Sat,2025-10-18,15:00 (19:30),Brighton,0.9,2–1,1.4,Newcastle Utd,"31,620",The American Express Stadium,Craig Pawson,Match Report,
8,Sat,2025-10-18,15:00 (19:30),Crystal Palace,4.4,3–3,2.0,Bournemouth,"25,125",Selhurst Park,Jarred Gillett,Match Report,
8,Sat,2025-10-18,15:00 (19:30),Manchester City,2.3,2–0,1.1,Everton,"52,498",Etihad Stadium,Tony Harrington,Match Report,
8,Sat,2025-10-18,17:30 (22:00),Fulham,0.4,0–1,1.8,Arsenal,"27,736",Craven Cottage,Anthony Taylor,Match Report,
8,Sun,2025-10-19,14:00 (18:30),Tottenham,0.9,1–2,0.3,Aston Villa,"61,291",Tottenham Hotspur Stadium,Simon Hooper,Match Report,
8,Sun,2025-10-19,16:30 (21:00),Liverpool,2.6,1–2,1.3,Manchester Utd,"60,337",Anfield,Michael Oliver,Match Report,
8,Mon,2025-10-20,20:00 (00:30),West Ham,0.4,0–2,2.3,Brentford,"62,452",London Stadium,Andy Madley,Match Report,
9,Fri,2025-10-24,20:00 (00:30),Leeds United,1.5,2–1,0.6,West Ham,"36,788",Elland Road,Stuart Attwell,Match Report,
9,Sat,2025-10-25,15:00 (19:30),Newcastle Utd,2.1,2–1,1.3,Fulham,"52,152",St James' Park,Peter Bankes,Match Report,
9,Sat,2025-10-25,15:00 (19:30),Chelsea,0.9,1–2,1.2,Sunderland,"39,489",Stamford Bridge,Andy Madley,Match Report,
9,Sat,2025-10-25,17:30 (22:00),Manchester Utd,1.3,4–2,1.1,Brighton,"74,124",Old Trafford,Anthony Taylor,Match Report,
9,Sat,2025-10-25,20:00 (00:30),Brentford,2.7,3–2,2.2,Liverpool,"17,214",Gtech Community Stadium,Simon Hooper,Match Report,
9,Sun,2025-10-26,14:00 (19:30),Arsenal,0.9,1–0,0.5,Crystal Palace,"60,103",Emirates Stadium,Thomas Bramall,Match Report,
9,Sun,2025-10-26,14:00 (19:30),Aston Villa,0.8,1–0,1.2,Manchester City,"41,988",Villa Park,Michael Oliver,Match Report,
9,Sun,2025-10-26,14:00 (19:30),Wolves,2.3,2–3,1.4,Burnley,"29,116",Molineux Stadium,Tony Harrington,Match Report,
9,Sun,2025-10-26,14:00 (19:30),Bournemouth,0.6,2–0,0.4,Nott'ham Forest,"11,204",Vitality Stadium,Samuel Barrott,Match Report,
9,Sun,2025-10-26,16:30 (22:00),Everton,1.7,0–3,1.7,Tottenham,"51,781",Hill Dickinson Stadium,Craig Pawson,Match Report,
10,Sat,2025-11-01,15:00 (20:30),Crystal Palace,0.7,2–0,0.5,Brentford,"25,083",Selhurst Park,Peter Bankes,Match Report,
10,Sat,2025-11-01,15:00 (20:30),Nott'ham Forest,1.9,2–2,1.2,Manchester Utd,"30,778",The City Ground,Darren England,Match Report,
10,Sat,2025-11-01,15:00 (20:30),Fulham,1.3,3–0,0.2,Wolves,"26,413",Craven Cottage,John Brooks,Match Report,
10,Sat,2025-11-01,15:00 (20:30),Burnley,0.4,0–2,2.3,Arsenal,"21,538",Turf Moor,Chris Kavanagh,Match Report,
10,Sat,2025-11-01,15:00 (20:30),Brighton,3.0,3–0,0.5,Leeds United,"31,512",The American Express Stadium,Michael Oliver,Match Report,
10,Sat,2025-11-01,17:30 (23:00),Tottenham,0.1,0–1,3.7,Chelsea,"61,202",Tottenham Hotspur Stadium,Jarred Gillett,Match Report,
10,Sat,2025-11-01,20:00 (01:30),Liverpool,1.2,2–0,0.4,Aston Villa,"60,407",Anfield,Stuart Attwell,Match Report,
10,Sun,2025-11-02,14:00 (19:30),West Ham,1.7,3–1,0.5,Newcastle Utd,"62,441",London Stadium,Robert Jones,Match Report,
10,Sun,2025-11-02,16:30 (22:00),Manchester City,2.2,3–1,0.6,Bournemouth,"52,387",Etihad Stadium,Anthony Taylor,Match Report,
10,Mon,2025-11-03,20:00 (01:30),Sunderland,1.2,1–1,0.9,Everton,"41,476",Stadium of Light,Thomas Bramall,Match Report,
11,Sat,2025-11-08,12:30 (18:00),Tottenham,0.9,2–2,0.8,Manchester Utd,"61,210",Tottenham Hotspur Stadium,Samuel Barrott,Match Report,
11,Sat,2025-11-08,15:00 (20:30),West Ham,3.0,3–2,1.0,Burnley,"62,449",London Stadium,Michael Salisbury,Match Report,
11,Sat,2025-11-08,15:00 (20:30),Everton,1.4,2–0,0.4,Fulham,"52,491",Hill Dickinson Stadium,Andy Madley,Match Report,
11,Sat,2025-11-08,17:30 (23:00),Sunderland,0.4,2–2,1.9,Arsenal,"46,799",Stadium of Light,Craig Pawson,Match Report,
11,Sat,2025-11-08,20:00 (01:30),Chelsea,3.3,3–0,0.2,Wolves,"39,467",Stamford Bridge,Andrew Kitchen,Match Report,
11,Sun,2025-11-09,14:00 (19:30),Aston Villa,1.7,4–0,1.6,Bournemouth,"40,792",Villa Park,John Brooks,Match Report,
11,Sun,2025-11-09,14:00 (19:30),Nott'ham Forest,2.5,3–1,0.7,Leeds United,"30,708",The City Ground,Jarred Gillett,Match Report,
11,Sun,2025-11-09,14:00 (19:30),Crystal Palace,0.7,0–0,0.4,Brighton,"24,326",Selhurst Park,Tim Robinson,Match Report,
11,Sun,2025-11-09,14:00 (19:30),Brentford,2.3,3–1,0.4,Newcastle Utd,"17,207",Gtech Community Stadium,Stuart Attwell,Match Report,
11,Sun,2025-11-09,16:30 (22:00),Manchester City,1.5,3–0,0.7,Liverpool,"52,432",Etihad Stadium,Chris Kavanagh,Match Report,
12,Sat,2025-11-22,12:30 (18:00),Burnley,0.4,0–2,1.7,Chelsea,"21,499",Turf Moor,Peter Bankes,Match Report,
12,Sat,2025-11-22,15:00 (20:30),Bournemouth,3.9,2–2,0.6,West Ham,"11,216",Vitality Stadium,Thomas Bramall,Match Report,
12,Sat,2025-11-22,15:00 (20:30),Fulham,2.1,1–0,0.2,Sunderland,"27,560",Craven Cottage,Darren England,Match Report,
12,Sat,2025-11-22,15:00 (20:30),Wolves,1.8,0–2,1.3,Crystal Palace,"29,976",Molineux Stadium,Anthony Taylor,Match Report,
12,Sat,2025-11-22,15:00 (20:30),Liverpool,1.9,0–3,1.6,Nott'ham Forest,"60,419",Anfield,Andy Madley,Match Report,
12,Sat,2025-11-22,15:00 (20:30),Brighton,1.2,2–1,2.0,Brentford,"31,458",The American Express Stadium,Chris Kavanagh,Match Report,
12,Sat,2025-11-22,17:30 (23:00),Newcastle Utd,2.3,2–1,2.5,Manchester City,"52,181",St James' Park,Samuel Barrott,Match Report,
12,Sun,2025-11-23,14:00 (19:30),Leeds United,1.6,1–2,1.6,Aston Villa,"36,819",Elland Road,Robert Jones,Match Report,
12,Sun,2025-11-23,16:30 (22:00),Arsenal,1.9,4–1,0.1,Tottenham,"60,345",Emirates Stadium,Michael Oliver,Match Report,
12,Mon,2025-11-24,20:00 (01:30),Manchester Utd,1.7,0–1,0.2,Everton,"74,158",Old Trafford,Tony Harrington,Match Report,
13,Sat,2025-11-29,15:00 (20:30),Sunderland,1.5,3–2,1.7,Bournemouth,"46,973",Stadium of Light,Tim Robinson,Match Report,
13,Sat,2025-11-29,15:00 (20:30),Brentford,3.0,3–1,0.9,Burnley,"17,176",Gtech Community Stadium,Samuel Barrott,Match Report,
13,Sat,2025-11-29,15:00 (20:30),Manchester City,2.6,3–2,1.5,Leeds United,"52,483",Etihad Stadium,Peter Bankes,Match Report,
13,Sat,2025-11-29,17:30 (23:00),Everton,1.0,1–4,1.8,Newcastle Utd,"52,489",Hill Dickinson Stadium,Craig Pawson,Match Report,
13,Sat,2025-11-29,20:00 (01:30),Tottenham,0.9,1–2,0.4,Fulham,"60,546",Tottenham Hotspur Stadium,Stuart Attwell,Match Report,
13,Sun,2025-11-30,12:00 (17:30),Crystal Palace,1.8,1–2,1.2,Manchester Utd,"25,189",Selhurst Park,Robert Jones,Match Report,
13,Sun,2025-11-30,14:05 (19:35),Nott'ham Forest,0.9,0–2,1.9,Brighton,"30,522",The City Ground,Michael Oliver,Match Report,
13,Sun,2025-11-30,14:05 (19:35),Aston Villa,0.9,1–0,0.4,Wolves,"42,139",Villa Park,Chris Kavanagh,Match Report,
13,Sun,2025-11-30,14:05 (19:35),West Ham,0.3,0–2,1.2,Liverpool,"62,469",London Stadium,Darren England,Match Report,
13,Sun,2025-11-30,16:30 (22:00),Chelsea,0.8,1–1,1.0,Arsenal,"39,820",Stamford Bridge,Anthony Taylor,Match Report,
14,Tue,2025-12-02,19:30 (01:00),Bournemouth,0.5,0–1,1.4,Everton,"11,161",Vitality Stadium,Michael Salisbury,Match Report,
14,Tue,2025-12-02,19:30 (01:00),Fulham,0.9,4–5,2.3,Manchester City,"26,700",Craven Cottage,Craig Pawson,Match Report,
14,Tue,2025-12-02,20:15 (01:45),Newcastle Utd,2.0,2–2,0.7,Tottenham,"52,007",St James' Park,Thomas Bramall,Match Report,
14,Wed,2025-12-03,19:30 (01:00),Wolves,0.9,0–1,0.7,Nott'ham Forest,"28,646",Molineux Stadium,Tim Robinson,Match Report,
14,Wed,2025-12-03,19:30 (01:00),Burnley,0.9,0–1,0.7,Crystal Palace,"19,365",Turf Moor,Thomas Kirk,Match Report,
14,Wed,2025-12-03,19:30 (01:00),Arsenal,1.8,2–0,0.3,Brentford,"60,110",Emirates Stadium,Tony Harrington,Match Report,
14,Wed,2025-12-03,19:30 (01:00),Brighton,1.9,3–4,2.3,Aston Villa,"31,247",The American Express Stadium,Andy Madley,Match Report,
14,Wed,2025-12-03,20:15 (01:45),Leeds United,2.3,3–1,0.9,Chelsea,"36,767",Elland Road,Darren England,Match Report,
14,Wed,2025-12-03,20:15 (01:45),Liverpool,1.4,1–1,0.4,Sunderland,"60,146",Anfield,Stuart Attwell,Match Report,
14,Thu,2025-12-04,20:00 (01:30),Manchester Utd,1.8,1–1,0.8,West Ham,"73,938",Old Trafford,Andrew Kitchen,Match Report,
15,Sat,2025-12-06,12:30 (18:00),Aston Villa,2.1,2–1,1.9,Arsenal,"42,888",Villa Park,Peter Bankes,Match Report,
15,Sat,2025-12-06,15:00 (20:30),Newcastle Utd,1.8,2–1,1.6,Burnley,"52,041",St James' Park,Stuart Attwell,Match Report,
15,Sat,2025-12-06,15:00 (20:30),Manchester City,2.4,3–0,0.7,Sunderland,"52,436",Etihad Stadium,Andy Madley,Match Report,
15,Sat,2025-12-06,15:00 (20:30),Everton,1.1,3–0,0.5,Nott'ham Forest,"52,501",Hill Dickinson Stadium,Chris Kavanagh,Match Report,
15,Sat,2025-12-06,15:00 (20:30),Tottenham,2.2,2–0,0.2,Brentford,"60,759",Tottenham Hotspur Stadium,Robert Jones,Match Report,
15,Sat,2025-12-06,15:00 (20:30),Bournemouth,1.5,0–0,0.9,Chelsea,"11,240",Vitality Stadium,Michael Oliver,Match Report,
15,Sat,2025-12-06,17:30 (23:00),Leeds United,1.6,3–3,1.9,Liverpool,"36,842",Elland Road,Anthony Taylor,Match Report,
15,Sun,2025-12-07,14:00 (19:30),Brighton,1.8,1–1,1.2,West Ham,"31,293",The American Express Stadium,Simon Hooper,Match Report,
15,Sun,2025-12-07,16:30 (22:00),Fulham,0.8,1–2,1.6,Crystal Palace,"27,283",Craven Cottage,Samuel Barrott,Match Report,
15,Mon,2025-12-08,20:00 (01:30),Wolves,0.6,1–4,4.0,Manchester Utd,"30,338",Molineux Stadium,Michael Salisbury,Match Report,
16,Sat,2025-12-13,15:00 (20:30),Chelsea,2.2,2–0,1.0,Everton,"39,552",Stamford Bridge,Thomas Bramall,Match Report,
16,Sat,2025-12-13,15:00 (20:30),Liverpool,1.8,2–0,1.9,Brighton,"60,429",Anfield,Craig Pawson,Match Report,
16,Sat,2025-12-13,17:30 (23:00),Burnley,2.4,2–3,2.0,Fulham,"19,739",Turf Moor,Michael Oliver,Match Report,
16,Sat,2025-12-13,20:00 (01:30),Arsenal,1.1,2–1,0.3,Wolves,"60,242",Emirates Stadium,Robert Jones,Match Report,
16,Sun,2025-12-14,14:00 (19:30),Sunderland,0.3,1–0,0.2,Newcastle Utd,"47,158",Stadium of Light,Peter Bankes,Match Report,
16,Sun,2025-12-14,14:00 (19:30),West Ham,1.0,2–3,0.7,Aston Villa,"62,447",London Stadium,Anthony Taylor,Match Report,
16,Sun,2025-12-14,14:00 (19:30),Crystal Palace,1.9,0–3,1.2,Manchester City,"25,166",Selhurst Park,Darren England,Match Report,
16,Sun,2025-12-14,14:00 (19:30),Nott'ham Forest,2.3,3–0,0.3,Tottenham,"30,579",The City Ground,Samuel Barrott,Match Report,
16,Sun,2025-12-14,16:30 (22:00),Brentford,0.6,1–1,1.5,Leeds United,"17,159",Gtech Community Stadium,John Brooks,Match Report,
16,Mon,2025-12-15,20:00 (01:30),Manchester Utd,3.4,4–4,1.9,Bournemouth,"73,951",Old Trafford,Simon Hooper,Match Report,
17,Sat,2025-12-20,12:30 (18:00),Newcastle Utd,2.3,2–2,1.2,Chelsea,"52,226",St James' Park,Andy Madley,Match Report,
17,Sat,2025-12-20,15:00 (20:30),Wolves,1.3,0–2,1.3,Brentford,"27,662",Molineux Stadium,Matt Donohue,Match Report,
17,Sat,2025-12-20,15:00 (20:30),Brighton,1.1,0–0,1.4,Sunderland,"31,426",The American Express Stadium,Darren England,Match Report,
17,Sat,2025-12-20,15:00 (20:30),Bournemouth,1.4,1–1,0.4,Burnley,"10,762",Vitality Stadium,Chris Kavanagh,Match Report,
17,Sat,2025-12-20,15:00 (20:30),Manchester City,2.1,3–0,1.1,West Ham,"52,454",Etihad Stadium,Paul Tierney,Match Report,
17,Sat,2025-12-20,17:30 (23:00),Tottenham,1.0,1–2,0.7,Liverpool,"61,138",Tottenham Hotspur Stadium,John Brooks,Match Report,
17,Sat,2025-12-20,20:00 (01:30),Everton,0.2,0–1,2.0,Arsenal,"52,513",Hill Dickinson Stadium,Samuel Barrott,Match Report,
17,Sat,2025-12-20,20:00 (01:30),Leeds United,2.6,4–1,1.6,Crystal Palace,"36,334",Elland Road,Thomas Bramall,Match Report,
17,Sun,2025-12-21,16:30 (22:00),Aston Villa,1.2,2–1,1.3,Manchester Utd,"43,157",Villa Park,Michael Oliver,Match Report,
17,Mon,2025-12-22,20:00 (01:30),Fulham,1.5,1–0,0.7,Nott'ham Forest,,Craven Cottage,Anthony Taylor,Match Report,
18,Fri,2025-12-26,20:00 (01:30),Manchester Utd,,,,Newcastle Utd,,Old Trafford,,Head-to-Head,
18,Sat,2025-12-27,12:30 (18:00),Nott'ham Forest,,,,Manchester City,,The City Ground,,Head-to-Head,
18,Sat,2025-12-27,15:00 (20:30),Brentford,,,,Bournemouth,,Gtech Community Stadium,,Head-to-Head,
18,Sat,2025-12-27,15:00 (20:30),Burnley,,,,Everton,,Turf Moor,,Head-to-Head,
18,Sat,2025-12-27,15:00 (20:30),West Ham,,,,Fulham,,London Stadium,,Head-to-Head,
18,Sat,2025-12-27,15:00 (20:30),Arsenal,,,,Brighton,,Emirates Stadium,,Head-to-Head,
18,Sat,2025-12-27,15:00 (20:30),Liverpool,,,,Wolves,,Anfield,,Head-to-Head,
18,Sat,2025-12-27,17:30 (23:00),Chelsea,,,,Aston Villa,,Stamford Bridge,,Head-to-Head,
18,Sun,2025-12-28,14:00 (19:30),Sunderland,,,,Leeds United,,Stadium of Light,,Head-to-Head,
18,Sun,2025-12-28,16:30 (22:00),Crystal Palace,,,,Tottenham,,Selhurst Park,,Head-to-Head,
19,Tue,2025-12-30,19:30 (01:00),Burnley,,,,Newcastle Utd,,Turf Moor,,Head-to-Head,
19,Tue,2025-12-30,19:30 (01:00),Nott'ham Forest,,,,Everton,,The City Ground,,Head-to-Head,
19,Tue,2025-12-30,19:30 (01:00),West Ham,,,,Brighton,,London Stadium,,Head-to-Head,
19,Tue,2025-12-30,19:30 (01:00),Chelsea,,,,Bournemouth,,Stamford Bridge,,Head-to-Head,
19,Tue,2025-12-30,20:15 (01:45),Arsenal,,,,Aston Villa,,Emirates Stadium,,Head-to-Head,
19,Tue,2025-12-30,20:15 (01:45),Manchester Utd,,,,Wolves,,Old Trafford,,Head-to-Head,
19,Thu,2026-01-01,17:30 (23:00),Liverpool,,,,Leeds United,,Anfield,,Head-to-Head,
19,Thu,2026-01-01,17:30 (23:00),Crystal Palace,,,,Fulham,,Selhurst Park,,Head-to-Head,
19,Thu,2026-01-01,20:00 (01:30),Sunderland,,,,Manchester City,,Stadium of Light,,Head-to-Head,
19,Thu,2026-01-01,20:00 (01:30),Brentford,,,,Tottenham,,Gtech Community Stadium,,Head-to-Head,
20,Sat,2026-01-03,12:30 (18:00),Aston Villa,,,,Nott'ham Forest,,Villa Park,,Head-to-Head,
20,Sat,2026-01-03,15:00 (20:30),Brighton,,,,Burnley,,The American Express Stadium,,Head-to-Head,
20,Sat,2026-01-03,15:00 (20:30),Wolves,,,,West Ham,,Molineux Stadium,,Head-to-Head,
20,Sat,2026-01-03,17:30 (23:00),Bournemouth,,,,Arsenal,,Vitality Stadium,,Head-to-Head,
20,Sun,2026-01-04,12:30 (18:00),Leeds United,,,,Manchester Utd,,Elland Road,,Head-to-Head,
20,Sun,2026-01-04,15:00 (20:30),Fulham,,,,Liverpool,,Craven Cottage,,Head-to-Head,
20,Sun,2026-01-04,15:00 (20:30),Tottenham,,,,Sunderland,,Tottenham Hotspur Stadium,,Head-to-Head,
20,Sun,2026-01-04,15:00 (20:30),Everton,,,,Brentford,,Hill Dickinson Stadium,,Head-to-Head,
20,Sun,2026-01-04,15:00 (20:30),Newcastle Utd,,,,Crystal Palace,,St James' Park,,Head-to-Head,
20,Sun,2026-01-04,17:30 (23:00),Manchester City,,,,Chelsea,,Etihad Stadium,,Head-to-Head,
21,Tue,2026-01-06,20:00 (01:30),West Ham,,,,Nott'ham Forest,,London Stadium,,Head-to-Head,
21,Wed,2026-01-07,19:30 (01:00),Crystal Palace,,,,Aston Villa,,Selhurst Park,,Head-to-Head,
21,Wed,2026-01-07,19:30 (01:00),Everton,,,,Wolves,,Hill Dickinson Stadium,,Head-to-Head,
21,Wed,2026-01-07,19:30 (01:00),Fulham,,,,Chelsea,,Craven Cottage,,Head-to-Head,
21,Wed,2026-01-07,19:30 (01:00),Brentford,,,,Sunderland,,Gtech Community Stadium,,Head-to-Head,
21,Wed,2026-01-07,19:30 (01:00),Manchester City,,,,Brighton,,Etihad Stadium,,Head-to-Head,
21,Wed,2026-01-07,19:30 (01:00),Bournemouth,,,,Tottenham,,Vitality Stadium,,Head-to-Head,
21,Wed,2026-01-07,20:15 (01:45),Burnley,,,,Manchester Utd,,Turf Moor,,Head-to-Head,
21,Wed,2026-01-07,20:15 (01:45),Newcastle Utd,,,,Leeds United,,St James' Park,,Head-to-Head,
21,Thu,2026-01-08,20:00 (01:30),Arsenal,,,,Liverpool,,Emirates Stadium,,Head-to-Head,
22,Sat,2026-01-17,12:30 (18:00),Manchester Utd,,,,Manchester City,,Old Trafford,,Head-to-Head,
22,Sat,2026-01-17,15:00 (20:30),Tottenham,,,,West Ham,,Tottenham Hotspur Stadium,,Head-to-Head,
22,Sat,2026-01-17,15:00 (20:30),Liverpool,,,,Burnley,,Anfield,,Head-to-Head,
22,Sat,2026-01-17,15:00 (20:30),Chelsea,,,,Brentford,,Stamford Bridge,,Head-to-Head,
22,Sat,2026-01-17,15:00 (20:30),Leeds United,,,,Fulham,,Elland Road,,Head-to-Head,
22,Sat,2026-01-17,15:00 (20:30),Sunderland,,,,Crystal Palace,,Stadium of Light,,Head-to-Head,
22,Sat,2026-01-17,17:30 (23:00),Nott'ham Forest,,,,Arsenal,,The City Ground,,Head-to-Head,
22,Sun,2026-01-18,14:00 (19:30),Wolves,,,,Newcastle Utd,,Molineux Stadium,,Head-to-Head,
22,Sun,2026-01-18,16:30 (22:00),Aston Villa,,,,Everton,,Villa Park,,Head-to-Head,
22,Mon,2026-01-19,20:00 (01:30),Brighton,,,,Bournemouth,,The American Express Stadium,,Head-to-Head,
23,Sat,2026-01-24,12:30 (18:00),West Ham,,,,Sunderland,,London Stadium,,Head-to-Head,
23,Sat,2026-01-24,15:00 (20:30),Manchester City,,,,Wolves,,Etihad Stadium,,Head-to-Head,
23,Sat,2026-01-24,15:00 (20:30),Burnley,,,,Tottenham,,Turf Moor,,Head-to-Head,
23,Sat,2026-01-24,15:00 (20:30),Fulham,,,,Brighton,,Craven Cottage,,Head-to-Head,
23,Sat,2026-01-24,17:30 (23:00),Bournemouth,,,,Liverpool,,Vitality Stadium,,Head-to-Head,
23,Sun,2026-01-25,14:00 (19:30),Brentford,,,,Nott'ham Forest,,Gtech Community Stadium,,Head-to-Head,
23,Sun,2026-01-25,14:00 (19:30),Newcastle Utd,,,,Aston Villa,,St James' Park,,Head-to-Head,
23,Sun,2026-01-25,14:00 (19:30),Crystal Palace,,,,Chelsea,,Selhurst Park,,Head-to-Head,
23,Sun,2026-01-25,16:30 (22:00),Arsenal,,,,Manchester Utd,,Emirates Stadium,,Head-to-Head,
23,Mon,2026-01-26,20:00 (01:30),Everton,,,,Leeds United,,Hill Dickinson Stadium,,Head-to-Head,
24,Sat,2026-01-31,15:00 (20:30),Leeds United,,,,Arsenal,,Elland Road,,Head-to-Head,
24,Sat,2026-01-31,15:00 (20:30),Brighton,,,,Everton,,The American Express Stadium,,Head-to-Head,
24,Sat,2026-01-31,15:00 (20:30),Wolves,,,,Bournemouth,,Molineux Stadium,,Head-to-Head,
24,Sat,2026-01-31,17:30 (23:00),Chelsea,,,,West Ham,,Stamford Bridge,,Head-to-Head,
24,Sat,2026-01-31,20:00 (01:30),Liverpool,,,,Newcastle Utd,,Anfield,,Head-to-Head,
24,Sun,2026-02-01,14:00 (19:30),Nott'ham Forest,,,,Crystal Palace,,The City Ground,,Head-to-Head,
24,Sun,2026-02-01,14:00 (19:30),Manchester Utd,,,,Fulham,,Old Trafford,,Head-to-Head,
24,Sun,2026-02-01,14:00 (19:30),Aston Villa,,,,Brentford,,Villa Park,,Head-to-Head,
24,Sun,2026-02-01,16:30 (22:00),Tottenham,,,,Manchester City,,Tottenham Hotspur Stadium,,Head-to-Head,
24,Mon,2026-02-02,20:00 (01:30),Sunderland,,,,Burnley,,Stadium of Light,,Head-to-Head,
25,Fri,2026-02-06,20:00 (01:30),Leeds United,,,,Nott'ham Forest,,Elland Road,,Head-to-Head,
25,Sat,2026-02-07,12:30 (18:00),Manchester Utd,,,,Tottenham,,Old Trafford,,Head-to-Head,
25,Sat,2026-02-07,15:00 (20:30),Wolves,,,,Chelsea,,Molineux Stadium,,Head-to-Head,
25,Sat,2026-02-07,15:00 (20:30),Bournemouth,,,,Aston Villa,,Vitality Stadium,,Head-to-Head,
25,Sat,2026-02-07,15:00 (20:30),Arsenal,,,,Sunderland,,Emirates Stadium,,Head-to-Head,
25,Sat,2026-02-07,15:00 (20:30),Burnley,,,,West Ham,,Turf Moor,,Head-to-Head,
25,Sat,2026-02-07,15:00 (20:30),Fulham,,,,Everton,,Craven Cottage,,Head-to-Head,
25,Sat,2026-02-07,17:30 (23:00),Newcastle Utd,,,,Brentford,,St James' Park,,Head-to-Head,
25,Sun,2026-02-08,14:00 (19:30),Brighton,,,,Crystal Palace,,The American Express Stadium,,Head-to-Head,
25,Sun,2026-02-08,16:30 (22:00),Liverpool,,,,Manchester City,,Anfield,,Head-to-Head,
26,Tue,2026-02-10,19:30 (01:00),Tottenham,,,,Newcastle Utd,,Tottenham Hotspur Stadium,,Head-to-Head,
26,Tue,2026-02-10,19:30 (01:00),Everton,,,,Bournemouth,,Hill Dickinson Stadium,,Head-to-Head,
26,Tue,2026-02-10,19:30 (01:00),Chelsea,,,,Leeds United,,Stamford Bridge,,Head-to-Head,
26,Tue,2026-02-10,20:15 (01:45),West Ham,,,,Manchester Utd,,London Stadium,,Head-to-Head,
26,Wed,2026-02-11,19:30 (01:00),Manchester City,,,,Fulham,,Etihad Stadium,,Head-to-Head,
26,Wed,2026-02-11,19:30 (01:00),Nott'ham Forest,,,,Wolves,,The City Ground,,Head-to-Head,
26,Wed,2026-02-11,19:30 (01:00),Crystal Palace,,,,Burnley,,Selhurst Park,,Head-to-Head,
26,Wed,2026-02-11,19:30 (01:00),Aston Villa,,,,Brighton,,Villa Park,,Head-to-Head,
26,Wed,2026-02-11,20:15 (01:45),Sunderland,,,,Liverpool,,Stadium of Light,,Head-to-Head,
26,Thu,2026-02-12,20:00 (01:30),Brentford,,,,Arsenal,,Gtech Community Stadium,,Head-to-Head,
27,Sat,2026-02-21,12:30 (18:00),Manchester City,,,,Newcastle Utd,,Etihad Stadium,,Head-to-Head,
27,Sat,2026-02-21,15:00 (20:30),Nott'ham Forest,,,,Liverpool,,The City Ground,,Head-to-Head,
27,Sat,2026-02-21,15:00 (20:30),Crystal Palace,,,,Wolves,,Selhurst Park,,Head-to-Head,
27,Sat,2026-02-21,15:00 (20:30),Aston Villa,,,,Leeds United,,Villa Park,,Head-to-Head,
27,Sat,2026-02-21,15:00 (20:30),Chelsea,,,,Burnley,,Stamford Bridge,,Head-to-Head,
27,Sat,2026-02-21,15:00 (20:30),Brentford,,,,Brighton,,Gtech Community Stadium,,Head-to-Head,
27,Sat,2026-02-21,17:30 (23:00),West Ham,,,,Bournemouth,,London Stadium,,Head-to-Head,
27,Sun,2026-02-22,14:00 (19:30),Sunderland,,,,Fulham,,Stadium of Light,,Head-to-Head,
27,Sun,2026-02-22,16:30 (22:00),Tottenham,,,,Arsenal,,Tottenham Hotspur Stadium,,Head-to-Head,
27,Mon,2026-02-23,20:00 (01:30),Everton,,,,Manchester Utd,,Hill Dickinson Stadium,,Head-to-Head,
28,Fri,2026-02-27,20:00 (01:30),Wolves,,,,Aston Villa,,Molineux Stadium,,Head-to-Head,
28,Sat,2026-02-28,12:30 (18:00),Bournemouth,,,,Sunderland,,Vitality Stadium,,Head-to-Head,
28,Sat,2026-02-28,15:00 (20:30),Newcastle Utd,,,,Everton,,St James' Park,,Head-to-Head,
28,Sat,2026-02-28,15:00 (20:30),Burnley,,,,Brentford,,Turf Moor,,Head-to-Head,
28,Sat,2026-02-28,15:00 (20:30),Manchester Utd,,,,Crystal Palace,,Old Trafford,,Head-to-Head,
28,Sat,2026-02-28,15:00 (20:30),Liverpool,,,,West Ham,,Anfield,,Head-to-Head,
28,Sat,2026-02-28,15:00 (20:30),Brighton,,,,Nott'ham Forest,,The American Express Stadium,,Head-to-Head,
28,Sat,2026-02-28,17:30 (23:00),Leeds United,,,,Manchester City,,Elland Road,,Head-to-Head,
28,Sun,2026-03-01,14:00 (19:30),Fulham,,,,Tottenham,,Craven Cottage,,Head-to-Head,
28,Sun,2026-03-01,16:30 (22:00),Arsenal,,,,Chelsea,,Emirates Stadium,,Head-to-Head,
29,Wed,2026-03-04,20:00 (01:30),Manchester City,,,,Nott'ham Forest,,Etihad Stadium,,Head-to-Head,
29,Wed,2026-03-04,20:00 (01:30),Leeds United,,,,Sunderland,,Elland Road,,Head-to-Head,
29,Wed,2026-03-04,20:00 (01:30),Wolves,,,,Liverpool,,Molineux Stadium,,Head-to-Head,
29,Wed,2026-03-04,20:00 (01:30),Bournemouth,,,,Brentford,,Vitality Stadium,,Head-to-Head,
29,Wed,2026-03-04,20:00 (01:30),Everton,,,,Burnley,,Hill Dickinson Stadium,,Head-to-Head,
29,Wed,2026-03-04,20:00 (01:30),Brighton,,,,Arsenal,,The American Express Stadium,,Head-to-Head,
29,Wed,2026-03-04,20:00 (01:30),Tottenham,,,,Crystal Palace,,Tottenham Hotspur Stadium,,Head-to-Head,
29,Wed,2026-03-04,20:00 (01:30),Fulham,,,,West Ham,,Craven Cottage,,Head-to-Head,
29,Wed,2026-03-04,20:00 (01:30),Aston Villa,,,,Chelsea,,Villa Park,,Head-to-Head,
29,Wed,2026-03-04,20:00 (01:30),Newcastle Utd,,,,Manchester Utd,,St James' Park,,Head-to-Head,
30,Sat,2026-03-14,15:00 (20:30),Crystal Palace,,,,Leeds United,,Selhurst Park,,Head-to-Head,
30,Sat,2026-03-14,15:00 (20:30),West Ham,,,,Manchester City,,London Stadium,,Head-to-Head,
30,Sat,2026-03-14,15:00 (20:30),Arsenal,,,,Everton,,Emirates Stadium,,Head-to-Head,
30,Sat,2026-03-14,15:00 (20:30),Brentford,,,,Wolves,,Gtech Community Stadium,,Head-to-Head,
30,Sat,2026-03-14,15:00 (20:30),Burnley,,,,Bournemouth,,Turf Moor,,Head-to-Head,
30,Sat,2026-03-14,15:00 (20:30),Manchester Utd,,,,Aston Villa,,Old Trafford,,Head-to-Head,
30,Sat,2026-03-14,15:00 (20:30),Liverpool,,,,Tottenham,,Anfield,,Head-to-Head,
30,Sat,2026-03-14,15:00 (20:30),Chelsea,,,,Newcastle Utd,,Stamford Bridge,,Head-to-Head,
30,Sat,2026-03-14,15:00 (20:30),Nott'ham Forest,,,,Fulham,,The City Ground,,Head-to-Head,
30,Sat,2026-03-14,15:00 (20:30),Sunderland,,,,Brighton,,Stadium of Light,,Head-to-Head,
31,Sat,2026-03-21,15:00 (20:30),Tottenham,,,,Nott'ham Forest,,Tottenham Hotspur Stadium,,Head-to-Head,
31,Sat,2026-03-21,15:00 (20:30),Leeds United,,,,Brentford,,Elland Road,,Head-to-Head,
31,Sat,2026-03-21,15:00 (20:30),Bournemouth,,,,Manchester Utd,,Vitality Stadium,,Head-to-Head,
31,Sat,2026-03-21,15:00 (20:30),Manchester City,,,,Crystal Palace,,Etihad Stadium,,Head-to-Head,
31,Sat,2026-03-21,15:00 (20:30),Newcastle Utd,,,,Sunderland,,St James' Park,,Head-to-Head,
31,Sat,2026-03-21,15:00 (20:30),Brighton,,,,Liverpool,,The American Express Stadium,,Head-to-Head,
31,Sat,2026-03-21,15:00 (20:30),Everton,,,,Chelsea,,Hill Dickinson Stadium,,Head-to-Head,
31,Sat,2026-03-21,15:00 (20:30),Fulham,,,,Burnley,,Craven Cottage,,Head-to-Head,
31,Sat,2026-03-21,15:00 (20:30),Aston Villa,,,,West Ham,,Villa Park,,Head-to-Head,
31,Sat,2026-03-21,15:00 (20:30),Wolves,,,,Arsenal,,Molineux Stadium,,Head-to-Head,
32,Sat,2026-04-11,15:00 (19:30),Manchester Utd,,,,Leeds United,,Old Trafford,,Head-to-Head,
32,Sat,2026-04-11,15:00 (19:30),Chelsea,,,,Manchester City,,Stamford Bridge,,Head-to-Head,
32,Sat,2026-04-11,15:00 (19:30),Brentford,,,,Everton,,Gtech Community Stadium,,Head-to-Head,
32,Sat,2026-04-11,15:00 (19:30),Liverpool,,,,Fulham,,Anfield,,Head-to-Head,
32,Sat,2026-04-11,15:00 (19:30),Crystal Palace,,,,Newcastle Utd,,Selhurst Park,,Head-to-Head,
32,Sat,2026-04-11,15:00 (19:30),Burnley,,,,Brighton,,Turf Moor,,Head-to-Head,
32,Sat,2026-04-11,15:00 (19:30),Arsenal,,,,Bournemouth,,Emirates Stadium,,Head-to-Head,
32,Sat,2026-04-11,15:00 (19:30),West Ham,,,,Wolves,,London Stadium,,Head-to-Head,
32,Sat,2026-04-11,15:00 (19:30),Nott'ham Forest,,,,Aston Villa,,The City Ground,,Head-to-Head,
32,Sat,2026-04-11,15:00 (19:30),Sunderland,,,,Tottenham,,Stadium of Light,,Head-to-Head,
33,Sat,2026-04-18,15:00 (19:30),Crystal Palace,,,,West Ham,,Selhurst Park,,Head-to-Head,
33,Sat,2026-04-18,15:00 (19:30),Everton,,,,Liverpool,,Hill Dickinson Stadium,,Head-to-Head,
33,Sat,2026-04-18,15:00 (19:30),Leeds United,,,,Wolves,,Elland Road,,Head-to-Head,
33,Sat,2026-04-18,15:00 (19:30),Brentford,,,,Fulham,,Gtech Community Stadium,,Head-to-Head,
33,Sat,2026-04-18,15:00 (19:30),Newcastle Utd,,,,Bournemouth,,St James' Park,,Head-to-Head,
33,Sat,2026-04-18,15:00 (19:30),Chelsea,,,,Manchester Utd,,Stamford Bridge,,Head-to-Head,
33,Sat,2026-04-18,15:00 (19:30),Tottenham,,,,Brighton,,Tottenham Hotspur Stadium,,Head-to-Head,
33,Sat,2026-04-18,15:00 (19:30),Nott'ham Forest,,,,Burnley,,The City Ground,,Head-to-Head,
33,Sat,2026-04-18,15:00 (19:30),Manchester City,,,,Arsenal,,Etihad Stadium,,Head-to-Head,
33,Sat,2026-04-18,15:00 (19:30),Aston Villa,,,,Sunderland,,Villa Park,,Head-to-Head,
34,Sat,2026-04-25,15:00 (19:30),Arsenal,,,,Newcastle Utd,,Emirates Stadium,,Head-to-Head,
34,Sat,2026-04-25,15:00 (19:30),Fulham,,,,Aston Villa,,Craven Cottage,,Head-to-Head,
34,Sat,2026-04-25,15:00 (19:30),Liverpool,,,,Crystal Palace,,Anfield,,Head-to-Head,
34,Sat,2026-04-25,15:00 (19:30),West Ham,,,,Everton,,London Stadium,,Head-to-Head,
34,Sat,2026-04-25,15:00 (19:30),Brighton,,,,Chelsea,,The American Express Stadium,,Head-to-Head,
34,Sat,2026-04-25,15:00 (19:30),Wolves,,,,Tottenham,,Molineux Stadium,,Head-to-Head,
34,Sat,2026-04-25,15:00 (19:30),Sunderland,,,,Nott'ham Forest,,Stadium of Light,,Head-to-Head,
34,Sat,2026-04-25,15:00 (19:30),Manchester Utd,,,,Brentford,,Old Trafford,,Head-to-Head,
34,Sat,2026-04-25,15:00 (19:30),Burnley,,,,Manchester City,,Turf Moor,,Head-to-Head,
34,Sat,2026-04-25,15:00 (19:30),Bournemouth,,,,Leeds United,,Vitality Stadium,,Head-to-Head,
35,Sat,2026-05-02,15:00 (19:30),Brentford,,,,West Ham,,Gtech Community Stadium,,Head-to-Head,
35,Sat,2026-05-02,15:00 (19:30),Bournemouth,,,,Crystal Palace,,Vitality Stadium,,Head-to-Head,
35,Sat,2026-05-02,15:00 (19:30),Manchester Utd,,,,Liverpool,,Old Trafford,,Head-to-Head,
35,Sat,2026-05-02,15:00 (19:30),Leeds United,,,,Burnley,,Elland Road,,Head-to-Head,
35,Sat,2026-05-02,15:00 (19:30),Chelsea,,,,Nott'ham Forest,,Stamford Bridge,,Head-to-Head,
35,Sat,2026-05-02,15:00 (19:30),Wolves,,,,Sunderland,,Molineux Stadium,,Head-to-Head,
35,Sat,2026-05-02,15:00 (19:30),Everton,,,,Manchester City,,Hill Dickinson Stadium,,Head-to-Head,
35,Sat,2026-05-02,15:00 (19:30),Arsenal,,,,Fulham,,Emirates Stadium,,Head-to-Head,
35,Sat,2026-05-02,15:00 (19:30),Aston Villa,,,,Tottenham,,Villa Park,,Head-to-Head,
35,Sat,2026-05-02,15:00 (19:30),Newcastle Utd,,,,Brighton,,St James' Park,,Head-to-Head,
36,Sat,2026-05-09,15:00 (19:30),Manchester City,,,,Brentford,,Etihad Stadium,,Head-to-Head,
36,Sat,2026-05-09,15:00 (19:30),Nott'ham Forest,,,,Newcastle Utd,,The City Ground,,Head-to-Head,
36,Sat,2026-05-09,15:00 (19:30),Crystal Palace,,,,Everton,,Selhurst Park,,Head-to-Head,
36,Sat,2026-05-09,15:00 (19:30),Brighton,,,,Wolves,,The American Express Stadium,,Head-to-Head,
36,Sat,2026-05-09,15:00 (19:30),Fulham,,,,Bournemouth,,Craven Cottage,,Head-to-Head,
36,Sat,2026-05-09,15:00 (19:30),Tottenham,,,,Leeds United,,Tottenham Hotspur Stadium,,Head-to-Head,
36,Sat,2026-05-09,15:00 (19:30),Sunderland,,,,Manchester Utd,,Stadium of Light,,Head-to-Head,
36,Sat,2026-05-09,15:00 (19:30),Burnley,,,,Aston Villa,,Turf Moor,,Head-to-Head,
36,Sat,2026-05-09,15:00 (19:30),West Ham,,,,Arsenal,,London Stadium,,Head-to-Head,
36,Sat,2026-05-09,15:00 (19:30),Liverpool,,,,Chelsea,,Anfield,,Head-to-Head,
37,Sun,2026-05-17,15:00 (19:30),Manchester Utd,,,,Nott'ham Forest,,Old Trafford,,Head-to-Head,
37,Sun,2026-05-17,15:00 (19:30),Chelsea,,,,Tottenham,,Stamford Bridge,,Head-to-Head,
37,Sun,2026-05-17,15:00 (19:30),Arsenal,,,,Burnley,,Emirates Stadium,,Head-to-Head,
37,Sun,2026-05-17,15:00 (19:30),Newcastle Utd,,,,West Ham,,St James' Park,,Head-to-Head,
37,Sun,2026-05-17,15:00 (19:30),Everton,,,,Sunderland,,Hill Dickinson Stadium,,Head-to-Head,
37,Sun,2026-05-17,15:00 (19:30),Wolves,,,,Fulham,,Molineux Stadium,,Head-to-Head,
37,Sun,2026-05-17,15:00 (19:30),Bournemouth,,,,Manchester City,,Vitality Stadium,,Head-to-Head,
37,Sun,2026-05-17,15:00 (19:30),Aston Villa,,,,Liverpool,,Villa Park,,Head-to-Head,
37,Sun,2026-05-17,15:00 (19:30),Brentford,,,,Crystal Palace,,Gtech Community Stadium,,Head-to-Head,
37,Sun,2026-05-17,15:00 (19:30),Leeds United,,,,Brighton,,Elland Road,,Head-to-Head,
38,Sun,2026-05-24,16:00 (20:30),West Ham,,,,Leeds United,,London Stadium,,Head-to-Head,
38,Sun,2026-05-24,16:00 (20:30),Burnley,,,,Wolves,,Turf Moor,,Head-to-Head,
38,Sun,2026-05-24,16:00 (20:30),Sunderland,,,,Chelsea,,Stadium of Light,,Head-to-Head,
38,Sun,2026-05-24,16:00 (20:30),Nott'ham Forest,,,,Bournemouth,,The City Ground,,Head-to-Head,
38,Sun,2026-05-24,16:00 (20:30),Crystal Palace,,,,Arsenal,,Selhurst Park,,Head-to-Head,
38,Sun,2026-05-24,16:00 (20:30),Fulham,,,,Newcastle Utd,,Craven Cottage,,Head-to-Head,
38,Sun,2026-05-24,16:00 (20:30),Brighton,,,,Manchester Utd,,The American Express Stadium,,Head-to-Head,
38,Sun,2026-05-24,16:00 (20:30),Liverpool,,,,Brentford,,Anfield,,Head-to-Head,
38,Sun,2026-05-24,16:00 (20:30),Tottenham,,,,Everton,,Tottenham Hotspur Stadium,,Head-to-Head,
38,Sun,2026-05-24,16:00 (20:30),Manchester City,,,,Aston Villa,,Etihad Stadium,,Head-to-Head,
